<?xml version="1.0" standalone="yes"?>
<pbsemployee>
  <employee>
    <id>100</id>
    <name>Vishnu</name>
    <password>vishnu</password>
    <role>Employee</role>
    <approvalcount>12</approvalcount>
  </employee>
  <employee>
    <id>101</id>
    <name>Abdul</name>
    <password>abdul</password>
    <role>Employee</role>
    <approvalcount>45</approvalcount>
  </employee>
  <employee>
    <id>103</id>
    <name>Ganesh</name>
    <password>ganesh</password>
    <role>Admin</role>
    <approvalcount>23</approvalcount>
  </employee>
</pbsemployee>